name,agency,event_sequencing,world_making,story
t1_c95k50u,0,0,0,0
t1_c95k75v,0,0,0,0
t1_c95mz3n,1,1,0,1
t1_c95tixb,0,0,0,0
t1_c95l4my,1,1,0,1
t1_c95mcms,1,1,0,1
t1_c95mdhe,0,0,0,0
t3_1aenyc,1,1,1,1
t1_c8wpqjn,0,0,0,0
t1_c8wrovj,0,0,0,0
t1_c8wuxh2,1,1,1,1
t1_cssxisl,0,0,0,0
t1_c9zukmv,0,0,0,0
t1_cjy73pb,0,0,0,0
t1_cjy865a,0,0,0,0
t1_cjydv04,0,0,0,0
t1_cjy9w7i,1,1,0,1
t1_cg9ansq,0,0,0,0
t1_cg7ybnn,0,0,0,0
t1_cm5lbyg,0,0,0,0
t1_cm5lvxq,0,0,0,0
t1_cm5mup4,0,0,0,0
t1_cm5xfbn,1,1,1,1
t1_cm64nte,0,0,1,1
t1_cm5mwyw,1,1,1,1
t1_cm5nasq,0,0,0,0
t1_cm5niv6,1,1,1,1
t1_cm5nwf0,1,1,0,1
t1_cm5nyuj,1,1,1,1
t3_1pg4zf,0,0,0,0
t1_cd2oaft,0,0,0,0
t1_cd2rjoh,0,0,0,0
t1_cd2ssov,0,0,0,0
t3_2x4qkh,1,1,1,1
t1_cowyuji,1,1,0,1
t1_cg5uill,1,1,0,1
t1_cg5u5za,1,1,0,0
t1_cg5vvtk,0,0,0,0
t1_cg676fl,0,0,0,0
t1_cg6891i,0,0,0,0
t1_cs8qzp2,0,0,0,0
t1_cs8wghl,0,0,0,0
t1_cs8ywso,0,0,0,0
t1_cs96nzv,0,0,0,0
t3_2cy7r8,1,1,1,1
t1_cjkhajj,0,0,0,0
t1_cjkh0e7,1,0,0,0
t1_cr706at,0,0,0,0
t1_cr71uyn,0,0,0,0
t1_c9vagau,0,0,0,0
t3_34yo0h,1,1,1,1
t1_cqze8zq,0,0,0,0
t1_cqzdpbc,1,1,0,1
t1_chsthjv,0,0,0,0
t1_chstlop,0,0,0,0
t1_chstdo9,0,0,0,0
t1_chstnie,0,0,0,0
t1_chtmsji,0,0,0,0
t1_cf6guot,1,1,1,1
t1_cf6jm5k,0,0,0,0
t1_cf6qwoo,1,1,0,1
t1_clik16y,0,0,0,0
t1_clikadz,0,1,0,0
t1_clipfjz,0,0,0,0
t1_cliyfh1,0,0,0,0
t1_cstu94m,0,0,0,0
t1_csuck5d,0,0,0,0
t1_cstvbko,0,0,0,0
t1_cstvlvt,0,0,0,0
t1_cstwvof,0,0,0,0
t1_csudcox,0,0,0,0
t1_csvrg7x,0,0,0,0
t1_cstvopg,1,1,0,1
t1_cstx7qd,1,1,0,1
t1_csuddim,0,0,0,0
t1_cstvpcf,0,0,0,0
t1_cstvpqw,0,0,0,0
t1_csu57ld,0,0,0,0
t1_csu7lg5,1,1,0,1
t1_csu8gdo,0,0,0,0
t1_csudgkr,0,0,0,0
t1_csu0f6s,0,0,0,0
t1_csv5ef5,1,1,0,1
t1_csw1xe2,1,1,0,1
t1_csu1ujy,0,0,0,0
t1_csu57h5,0,0,0,0
t1_csudikx,0,0,0,0
t3_1bcfz2,0,0,0,0
t1_c95qp1r,1,1,0,0
t1_ctl8trd,0,0,0,0
t1_ctlr9v3,1,1,1,1
t1_ctlv7xc,0,0,0,0
t1_ctltslz,0,0,0,0
t1_cb3jjs2,1,1,0,1
t1_cb3kir7,1,1,0,1
t1_cb3nynv,0,0,0,0
t1_cb3qcwp,1,1,0,1
t1_cb3tns6,0,0,0,0
t1_cb3zy7m,0,0,0,0
t1_cb4mafq,1,1,0,1
t1_cb4n4oh,1,1,1,1
t1_cb46pb4,0,0,0,0
t1_cb3qdsx,0,0,0,0
t1_cb3un1d,0,0,0,0
t1_cb3q90x,1,1,0,1
t1_cb3vnb9,1,1,0,0
t1_cbcwihs,1,1,0,0
t1_cb4019l,0,0,0,0
t1_cb49a96,1,0,0,0
t1_cbcwm6p,0,0,0,0
t3_1r3id3,0,1,0,0
t3_1fqssq,0,0,0,0
t1_cacvan5,0,0,0,0
t1_cacvmf2,0,0,0,0
t1_caf1ab9,0,0,0,0
t3_1qm5d4,1,1,1,1
t1_cde6meq,0,0,0,0
t1_cde6orn,0,0,0,0
t1_cdeaz71,0,0,0,0
t1_cdekndg,0,0,1,0
t3_1c4do4,0,0,0,0
t1_c9cwx8n,0,0,0,0
t1_c9dla74,0,0,0,0
t1_c9d39gw,0,0,0,0
t1_c9d5s0t,1,1,1,1
t1_cc5kmq0,1,1,1,1
t1_cml0lai,0,0,0,0
t1_cml2ft5,0,0,0,0
t1_cml53oh,0,0,0,0
t1_cml60ij,1,1,0,0
t1_cthvpeo,0,0,0,0
t1_ctiqpyy,0,0,0,0
t1_ctita17,0,0,0,0
t1_ctisowf,0,0,0,0
t1_ckxzlnz,0,0,0,0
t1_ckxzyeu,0,0,0,0
t1_cky1afp,0,0,0,0
t1_cky0d05,0,1,0,0
t1_cky0fhe,0,0,0,0
t1_cky0hj9,0,1,0,0
t1_cky2oax,0,0,0,0
t1_cky2xto,1,1,0,1
t1_ckybda8,0,0,0,0
t1_ckzm1sy,0,0,0,0
t1_ckyceyn,0,0,0,0
t1_cky4g8p,0,0,0,0
t1_cky7neb,0,0,0,0
t1_cl0z8pc,0,0,0,0
t1_cky6lbd,0,0,0,0
t1_cky9oqt,1,0,0,0
t1_cky3f7y,0,0,0,0
t1_cky44de,1,1,0,1
t1_ckylfmb,1,1,0,1
t1_ckyblqs,0,1,0,0
t1_ckydk5a,0,0,0,0
t1_ccpsrei,0,0,0,0
t1_ccpv6xh,0,0,0,0
t1_ccq583t,1,1,1,1
t1_ccqbyt1,0,0,1,1
t1_cc12s78,0,0,0,0
t3_2nck53,1,1,0,1
t1_cmcfad1,0,0,0,0
t1_cmcuo78,0,0,0,0
t1_cmdaz4s,1,1,0,1
t1_cmcyo3d,0,0,0,0
t1_cmcfx2p,0,0,0,0
t1_cmckzsq,0,0,0,0
t1_cmcetow,1,1,0,1
t1_cmcf7ri,1,1,0,1
t1_cmcfjhb,1,1,0,1
t1_cmcgspm,1,1,0,1
t1_cmcn89s,0,0,0,0
t1_cmddi26,0,0,0,0
t1_cmde47f,0,0,0,0
t1_cmeg0mb,0,0,0,0
t1_cmcmrsu,0,0,0,0
t1_cmcnb1u,0,0,0,0
t1_cmculcq,0,0,0,0
t1_cmcvtgd,1,0,0,0
t1_cmcz2h1,1,1,1,1
t1_cmdpt23,0,0,0,0
t1_cmehocs,0,0,0,0
t1_cml5ds9,0,0,0,0
t1_cmcg1sw,0,0,0,0
t1_cmdn3uc,0,0,0,0
t1_cmclswv,0,0,0,0
t1_cmcnu78,0,0,0,0
t1_cmcuc2d,0,0,0,0
t1_cmdxdee,0,1,0,0
t1_cmedpvb,0,0,0,0
t1_cmcpg05,0,0,0,0
t1_cmcue6k,1,1,0,1
t1_cmcztsw,1,1,0,1
t1_cmdfadm,0,1,0,1
t1_cmdtn63,0,0,0,0
t1_cmeg54f,0,0,0,0
t1_cmenx3z,0,0,0,0
t1_cmdamo2,0,0,0,0
t1_cmdupvw,1,1,0,1
t1_cml4gcq,1,0,0,0
t1_cmlh163,1,1,0,1
t1_cmfx2yt,1,1,0,1
t1_cpm4kuv,0,0,0,0
t1_cpm4zcb,1,1,0,1
t1_cpluhpn,1,1,0,1
t1_cplwg2z,1,1,0,1
t1_cpm1b9f,0,0,0,0
t1_cpmoklh,0,0,0,0
t1_cpmtijj,1,1,0,1
t1_cai8u8v,1,1,0,1
t1_cai8wyf,1,1,1,1
t1_caie40w,0,1,0,0
t1_caiixhl,0,0,0,0
t1_c8vtkju,0,0,0,0
t1_c8vrprg,1,1,0,1
t1_c8vsl8l,1,1,0,1
t1_c8vuv93,0,0,0,0
t1_c8wq24a,0,0,0,0
t3_1h8unp,0,0,0,0
t1_cary5i8,0,0,0,0
t1_carykfz,0,0,0,0
t1_caryrhj,0,0,0,0
t1_cas5hhz,0,0,0,0
t1_casyz2m,0,0,0,0
t1_caryrmq,0,0,0,0
t1_cti7mh5,1,1,0,1
t1_ctiqgmx,1,0,0,0
t1_ctirspu,1,1,0,1
t1_ctitysx,0,0,0,0
t1_ctj3ddp,0,0,0,0
t1_ctidpo5,0,0,0,0
t1_ctiqjtn,0,1,0,0
t1_ctilqsl,1,1,0,1
t1_ctiq2mi,0,0,0,0
t3_1grwqj,0,0,0,0
t1_can6ouc,0,0,0,0
t1_can6svh,0,0,0,0
t1_canbhof,0,0,0,0
t1_canhzf8,0,0,0,0
t1_cani2rw,0,0,0,0
t1_cao0soi,0,0,0,0
t1_can6q8n,0,0,0,0
t3_1nh3z4,1,1,0,1
t1_cciixvk,0,0,0,0
t1_ccik36d,0,0,0,0
t1_ccik429,0,0,0,0
t1_ccikowu,1,1,0,1
t1_ccip0by,1,1,0,1
t1_ccj23jt,1,1,0,1
t1_cb3h1j9,0,0,0,0
t1_cb3h5qc,0,0,0,0
t1_cb43t7z,0,0,0,0
t1_cb44gly,1,1,0,1
t1_cb3hcuv,0,0,0,0
t1_cb3gj80,0,0,0,0
t1_cb3he94,0,0,0,0
t1_cb3han6,0,0,0,0
t1_cb3hoak,0,0,0,0
t1_cb3javy,1,1,0,1
t1_cbdfj9b,0,0,0,0
t1_cbdodgh,0,0,0,0
t1_cug21tv,0,0,0,0
t1_cbsfdbt,1,1,0,1
t1_cbsfdsh,1,0,0,0
t1_cbsfzmb,1,1,0,1
t1_cbt1zp5,0,0,0,0
t3_29e02r,1,1,1,1
t1_cik0nb3,1,1,0,1
t1_cik10zh,1,1,0,1
t1_cikfpnv,0,0,0,0
t1_cikl7o2,0,0,0,0
t1_ciko33h,0,0,0,0
t1_cil08vt,0,0,0,0
t1_cikojhb,0,0,0,0
t1_cikoooq,0,0,0,0
t1_cikot2f,0,0,0,0
t1_ciksz7j,1,1,0,1
t1_ciwiglt,1,0,0,0
t1_cikbfes,1,0,0,0
t1_cikb6zn,1,1,0,1
t1_cikn4ki,0,0,0,0
t1_cikn7j2,1,1,0,1
t1_cikp0hi,1,1,0,1
t1_cikhbhg,1,1,0,1
t1_cikhhoa,1,0,0,0
t1_cikhmdh,0,0,0,0
t3_2b3p94,1,0,0,0
t1_cj1jb17,0,0,0,0
t1_cj1jfd0,0,0,0,0
t1_cj1lhpg,0,0,0,0
t1_cj1mlgb,0,0,0,0
t1_cj1plx1,1,1,0,1
t1_cj1qf2l,1,1,0,1
t1_cj1ta76,1,1,0,1
t1_cj1taks,1,1,0,1
t1_cj20rt3,0,0,0,0
t3_1cb3pd,0,0,0,0
t1_c9erwp8,1,1,0,1
t1_c9f4p0c,0,0,0,0
t1_c9etprq,0,0,0,0
t3_1cd5dm,0,0,0,0
t1_c9fcqwc,0,0,0,0
t1_c9fdjt4,0,0,0,0
t1_cqdsvuv,1,1,0,0
t1_cqdsobc,1,1,0,1
t1_cqdtvt5,0,1,1,0
t1_cqdvgx3,0,0,0,0
t1_cqevg02,1,1,0,1
t1_c9yd1j0,0,0,0,0
t1_c9yd9d8,0,0,0,0
t1_c9ydmcp,0,0,0,0
t1_c9ydp3b,0,0,0,0
t1_c9ydsv7,0,0,0,0
t1_c9ydv9t,0,0,0,0
t1_c9ye0ac,0,0,0,0
t1_c9ye1t1,0,0,0,0
t1_c9ye3mn,0,0,0,0
t1_cnczw88,0,0,0,0
t1_cpvw146,0,0,0,0
t1_cpwaiv3,1,1,0,1
t3_2ho8k5,1,1,1,1
t1_ckuh8hs,1,1,1,1
t1_ckuqadl,0,0,0,0
t1_ckuqi1g,0,0,0,0
t1_ckuqn0l,0,0,0,0
t1_ckuqtwr,0,0,0,0
t1_ckurb23,0,0,0,0
t1_ckvjrwg,0,0,0,0
t1_ckuwqi8,1,1,0,1
t1_cu2w6p8,1,1,0,1
t1_cu2v4xr,0,0,0,0
t1_cu3b0fe,0,0,0,0
t3_1ybhb0,1,1,0,1
t1_cjnx0sk,0,0,0,0
t1_cjo1q0q,1,1,0,1
t1_c9v8fs2,1,1,0,1
t1_c9vlru6,0,0,0,0
t1_c9vihnq,1,1,0,1
t1_c9vj17l,0,0,0,0
t1_c9v7356,0,0,0,0
t1_c9v7uuu,0,0,0,0
t1_c9vn7p4,1,0,0,0
t1_c9vo0sl,0,0,0,0
t3_1e63c7,1,1,0,1
t1_c9xajdg,1,1,1,1
t3_1haww9,1,1,0,1
t1_casm5v9,1,1,0,1
t1_casuq4a,1,0,0,0
t1_castzen,0,0,0,0
t1_cat7r28,0,0,0,0
t1_cat7qql,1,1,1,1
t1_catelpi,1,1,1,1
t1_catjx82,0,0,0,0
t1_catknzl,1,1,1,1
t1_catmvnu,1,1,1,1
t1_casolkw,0,0,0,0
t1_casoidy,0,0,0,0
t1_casqgem,0,0,0,0
t1_casqo9d,0,0,0,0
t1_casqt3t,0,1,0,0
t1_casuw6d,1,1,0,1
t1_casoqzt,0,0,0,0
t1_casqwgm,1,1,0,1
t1_casuynv,0,0,0,0
t1_casoa5k,0,1,0,0
t1_castiji,1,1,1,1
t1_caxueen,0,0,0,0
t1_catr9j9,1,1,0,1
t1_catv41c,1,1,1,1
t1_catvoqn,1,1,0,1
t1_catx9hg,0,0,0,0
t1_catxnxu,0,0,0,0
t1_caty2hj,0,0,0,0
t1_cav2nyk,0,0,0,0
t1_caw8joe,0,0,0,0
t1_cay71op,0,1,0,0
t1_caybyz3,0,0,0,0
t1_caywd53,1,1,1,1
t1_casqjde,0,0,0,0
t1_casr12u,0,0,0,0
t1_castbcs,0,0,0,0
t1_cggd8lf,0,0,0,0
t1_cscanwg,0,0,0,0
t1_cscavpa,0,0,0,0
t1_csccp8p,0,0,0,0
t1_cscbr0t,1,0,0,0
t1_cscbxg2,0,0,0,0
t1_cscf2qw,1,1,0,1
t1_cscg2p4,1,1,0,1
t3_242qn0,1,1,1,1
t1_ch33462,0,0,0,0
t1_ch33aph,0,0,0,0
t1_ch33yi9,0,0,0,0
t1_ch30sac,0,1,0,0
t1_ch32zj8,0,0,0,0
t1_ch36a9d,0,0,0,0
t1_ch3gnvh,1,1,0,1
t1_ch3kgyz,0,0,0,0
t1_ch3m71x,0,0,0,0
t1_ch3p1te,0,0,0,0
t1_ch33rrs,0,0,0,0
t1_ch33u0t,0,0,0,0
t1_ch30u5o,0,0,0,0
t1_ch3fpaz,0,0,0,0
t1_ch3j0r0,0,0,0,0
t1_ch32wl6,1,1,1,1
t1_ch34vso,0,0,0,0
t1_ch338wb,0,0,0,0
t3_1t7zw6,0,0,0,0
t1_ce5jtin,0,0,0,0
t3_21yr8u,0,1,0,0
t1_cghq6uu,0,0,0,0
t3_302atl,1,1,0,1
t1_cpojaxi,0,0,0,0
t1_cpoores,0,0,0,0
t1_cpp7ghc,1,0,0,0
t1_cpra9u0,0,0,0,0
t1_cpom9oq,0,0,0,0
t1_cpozwy5,1,1,0,1
t1_cpoluuw,1,1,0,1
t1_cpovurm,0,0,0,0
t1_cpon0c6,0,0,0,0
t1_cpotcwb,0,0,0,0
t1_cpp3cnv,0,0,0,0
t1_cpp5zkb,0,0,0,0
t1_cqcq11x,0,0,0,0
t1_cpomrk6,1,1,0,0
t1_cponany,1,0,0,0
t1_cpov03f,1,1,0,1
t1_cpp08sy,0,0,0,0
t1_cpp4871,1,1,0,1
t1_c9r3p01,0,0,0,0
t1_c9qxy3z,0,0,0,0
t3_1d3ijz,0,0,0,0
t1_c9mqknk,0,0,0,0
t1_c9na2tf,0,0,0,0
t1_ch7cvu3,0,1,0,0
t1_ch7ddwy,0,0,0,0
t1_cai3dw5,1,1,1,1
t1_cai5p4w,0,0,0,0
t1_caidubx,1,1,0,1
t3_1eo2kq,0,0,0,0
t1_ca23e0m,0,0,0,0
t1_ca24dau,0,0,0,0
t1_ca24zer,0,0,0,0
t1_ca27qym,1,1,0,1
t1_cs4z5zw,0,0,0,0
t1_caumnu6,1,1,0,1
t1_caunbp5,1,1,0,1
t1_cauphni,0,0,0,0
t1_caupmcb,1,1,1,1
t1_cauq8sg,0,0,0,0
t1_cauqd3a,0,0,0,0
t1_caurhj9,0,0,0,0
t1_cautyr8,0,0,0,0
t1_cauukxk,0,0,0,0
t1_cauutzf,0,0,0,0
t1_cauqajh,0,0,0,0
t1_cauqglb,0,0,0,0
t1_cauqht4,0,0,0,0
t1_caurlql,0,0,0,0
t1_cauuln3,0,0,0,0
t1_caut5rf,0,0,0,0
t1_cav4ico,0,0,0,0
t1_cavz2bt,1,1,1,1
t1_cauryqf,0,0,0,0
t1_cauqlq8,1,0,0,0
t1_cav3xqq,0,0,0,0
t1_cauu6uz,0,0,0,0
t1_cauqo1h,0,0,0,0
t1_cauqxex,0,0,0,0
t1_cavjf1d,0,0,0,0
t1_caus15f,0,0,0,0
t1_cauyb6p,0,0,0,0
t1_cav1xf3,0,0,0,0
t1_cav31oj,0,0,0,0
t1_cauppc6,0,0,0,0
t1_cayikrk,0,0,0,0
t1_cav7n9h,0,0,0,0
t1_cav6fuw,0,0,0,0
t1_cav7ncj,0,0,0,0
t1_cav271o,0,0,0,0
t1_cauv5xm,0,0,0,0
t1_cavjcvk,0,0,0,0
t1_cavna3e,1,1,0,1
t1_cavorrb,0,0,0,0
t1_cavyr72,0,0,1,0
t1_cavypo6,0,0,0,0
t1_cb1xihc,0,0,0,0
t1_cb26x35,0,0,0,0
t1_caxx3kk,0,0,0,0
t1_cb1amc8,1,1,0,1
t1_cb1j4c4,0,0,0,0
t1_cb1jo2k,0,0,0,0
t1_cb1kpaq,1,1,0,1
t1_cb3qgr4,1,0,0,0
t3_228jbo,1,0,0,0
t1_cgke088,1,1,1,1
t1_cgke5cw,0,0,0,0
t3_28o7uj,1,1,0,1
t1_cicu5de,1,1,0,1
t1_cicu6hc,1,1,0,1
t1_cicwthx,0,0,0,0
t1_cid0cpv,0,0,0,0
t3_1fyfb5,0,0,0,0
t3_1fmiv1,0,0,0,0
t1_cabqgjf,0,1,0,0
t1_cddmfth,1,0,0,0
t3_1ibg1p,1,1,0,1
t1_cb2zhvu,1,1,0,1
t1_cb3ecr8,1,1,1,1
t1_cb32ac8,0,0,0,0
t1_cb3grrv,0,0,0,0
t3_1v8eur,1,1,0,1
t1_cepre6f,1,1,0,1
t1_ceprjui,1,0,0,0
t1_ceprovz,1,1,1,1
t1_cepsudn,1,1,0,1
t1_cepx3y0,0,0,0,0
t1_ceqx69p,1,1,0,1
t1_ceqzwux,0,0,0,0
t1_cer0f8n,0,0,0,0
t1_cer1mzk,0,0,0,0
t1_cer1v34,0,0,0,0
t1_cer1o8f,0,0,0,0
t1_cer1win,0,0,0,0
t1_cer9bme,0,0,0,0
t1_cer1d46,0,0,0,0
t1_cer1xlw,0,0,0,0
t1_cer3x2w,0,0,0,0
t1_cer49ut,0,0,0,0
t3_1kvsyr,1,1,1,1
t1_cbt4gif,1,1,1,1
t1_cbti486,0,0,0,0
t1_cbujuoi,1,1,0,1
t1_c8sl4p4,1,1,0,1
t1_c8t6pyq,0,0,0,0
t1_chjfhp9,0,0,0,0
t1_chjgd0q,0,0,0,0
t1_chjlkq1,0,0,0,0
t1_chjoacg,0,0,0,0
t1_chjp9ke,0,0,0,0
t1_chjq0kg,0,0,0,0
t1_chlsagj,0,0,0,0
t3_2vky2k,0,0,0,0
t1_coikt14,0,0,0,0
t1_coinwc1,0,0,0,0
t1_coj0szh,1,1,1,1
t1_cokopqu,0,0,0,0
t1_coin2a8,0,0,0,0
t1_coinuey,0,0,0,0
t1_coixxlu,1,1,0,1
t1_cgxdmh3,0,0,0,0
t1_cgxdsgy,0,0,0,0
t1_cgxqk31,1,1,1,1
t1_cgxt74l,0,0,0,0
t1_cgxtaif,0,0,0,0
t1_cgxlked,0,0,0,0
t1_cgxt9jf,0,0,0,0
t1_cau88hc,0,0,0,0
t1_cau8ovv,0,0,0,0
t1_cau9jjt,0,0,0,0
t1_cau8emg,0,0,0,0
t1_cau9bgr,0,1,0,0
t1_cauamra,0,0,0,0
t1_cau9452,0,0,0,0
t1_cauatj3,0,0,0,0
t1_cau955t,0,0,0,0
t1_cau9nhu,0,0,0,0
t1_cauc7tb,0,0,0,0
t1_caue431,0,0,0,0
t1_caubzza,0,0,0,0
t1_cauchlr,0,0,0,0
t1_caueou3,0,0,0,0
t1_cauo55g,0,0,0,0
t1_cauhm6v,0,0,0,0
t1_cauxek7,1,1,0,1
t1_cauhuox,1,1,1,1
t1_caunrrz,1,1,1,1
t1_caupvos,1,0,1,0
t1_cav04jm,0,0,0,0
t3_2eyfoa,1,1,0,1
t1_ck4715t,0,0,0,0
t1_ck473q2,0,0,0,0
t1_ck47es2,1,0,1,0
t1_ck496qz,1,1,0,0
t1_ck498fu,1,1,0,0
t1_ck46us6,1,1,0,1
t1_ck47ebr,1,1,0,1
t1_ck4kq73,0,0,0,0
t1_ck4jqhn,1,1,0,1
t1_chk6r9i,1,1,1,1
t1_chk6s8c,1,1,0,1
t1_chk7ilh,0,0,0,0
t1_chkg1f1,0,0,0,0
t1_chk8gs0,0,0,0,0
t1_chke0un,0,0,0,0
t1_chk8ser,1,0,0,0
t1_chkfbo3,1,1,1,1
t1_chkxjvq,1,1,0,1
t1_chkbwxl,1,1,0,0
t1_cl696s0,0,0,0,0
t1_cl69kyx,0,0,1,0
t1_cl6a7as,0,1,0,0
t1_cl6wrm4,0,0,0,0
t1_cl6xdwv,0,0,0,0
t1_cl88xn5,0,0,0,0
t1_cl89ogw,0,0,0,0
t1_cl89vmf,0,0,0,0
t1_cl8a4kq,0,0,0,0
t1_cl6aecx,1,1,0,1
t1_cbogk1v,1,1,1,1
t1_cbognd1,0,0,0,0
t1_cboiu19,0,0,0,0
t1_cbomaor,0,0,0,0
t1_cbogq70,0,0,0,0
t1_cboi8d2,1,1,0,1
t1_cboisgm,0,0,0,0
t1_cboh71d,0,0,0,0
t1_cbp7hcg,0,0,0,0
